{
  "project_info": {
    "project_number": "484717431080",
    "project_id": "assesment-c6d6f",
    "storage_bucket": "assesment-c6d6f.firebasestorage.app"
  },
  "client": [
    {
      "client_info": {
        "mobilesdk_app_id": "1:484717431080:android:ad86cf0a8fe60e4210681d",
        "android_client_info": {
          "package_name": "com.example.assesment"
        }
      },
      "oauth_client": [],
      "api_key": [
        {
          "current_key": "AIzaSyACGhgEqqjrhtjuVhWsi5WDpDwreD4KXdY"
        }
      ],
      "services": {
        "appinvite_service": {
          "other_platform_oauth_client": []
        }
      }
    }
  ],
  "configuration_version": "1"
}